Sample ID,Sample name,Species,Total read,Representative Sequence,Haploid ID,Size,Confidence,Identity(%),Confidence Score,Align Len,Mismatch,2nd-sp Name,2nd-sp Align Len,2nd-sp Mismatch,Sequence
A0_1,11738_A0_1_S151_,Skip,,,,,,,,,,,,,
A2_3,11738_A2_3_S161_,Homo sapiens,39182,CACCGCGGTCACACGATTAACCCAAGTCAATAGAAGCCGGCGTAAAGAGTGTTTTAGATCACCCCCTCCCCAATAAAGCTAAAACTCACCTGAGTTGTAAAAAACTCCAGTTGACACAAAATAGACTACGAAAGTGGCTTTAACATATCTGAACACACAATAGCTAAGACC,Zotu1,39182,HIGH,100,,171,0,,,,CACCGCGGTCACACGATTAACCCAAGTCAATAGAAGCCGGCGTAAAGAGTGTTTTAGATCACCCCCTCCCCAATAAAGCTAAAACTCACCTGAGTTGTAAAAAACTCCAGTTGACACAAAATAGACTACGAAAGTGGCTTTAACATATCTGAACACACAATAGCTAAGACC
A0_2,11738_A0_2_S152_,Scomber scombrus,53,CACCGCGGTTATACGATAGGCCCAAGTTGACAGACCCCGGCGTAAAGCGTGGTTAGGGAAAATTTAAAACTAAAGCCGAACACCTTCAGGGCAGTCATACGCTTCCGAAGGCACGAAGCCCCTCCACGAAAGTGGCTTTACTACCCCCGACCCCACGAAAGCTAGGACA,Zotu2,53,HIGH,100,,169,0,,,,CACCGCGGTTATACGATAGGCCCAAGTTGACAGACCCCGGCGTAAAGCGTGGTTAGGGAAAATTTAAAACTAAAGCCGAACACCTTCAGGGCAGTCATACGCTTCCGAAGGCACGAAGCCCCTCCACGAAAGTGGCTTTACTACCCCCGACCCCACGAAAGCTAGGACA
A0_3,11738_A0_3_S153_,Skip,,,,,,,,,,,,,
A0_4,11738_A0_4_S154_,Danio rerio,145,AACCGCGGTTAAACGAGAGGCTCTAGTTGATATACTACGGCGTAAAGGGTGGTTAAGGAACAATGTAAAATAGAGCCAAACGGCCCTTTAACTGTTATACGCTTTTAGATGCTAGAGGCCCAAACACGAAAGTAGCTTTAAATTAATTACCTGAACCCACGAAAGCTAAGAAA,Zotu1,145,HIGH,100,,173,0,,,,AACCGCGGTTAAACGAGAGGCTCTAGTTGATATACTACGGCGTAAAGGGTGGTTAAGGAACAATGTAAAATAGAGCCAAACGGCCCTTTAACTGTTATACGCTTTTAGATGCTAGAGGCCCAAACACGAAAGTAGCTTTAAATTAATTACCTGAACCCACGAAAGCTAAGAAA
A1_1,11738_A1_1_S155_,Homo sapiens,6627,CACCGCGGTCACACGATTAACCCAAGTCAATAGAAGCCGGCGTAAAGAGTGTTTTAGATCACCCCCTCCCCAATAAAGCTAAAACTCACCTGAGTTGTAAAAAACTCCAGTTGACACAAAATAGACTACGAAAGTGGCTTTAACATATCTGAACACACAATAGCTAAGACC,Zotu1,6627,HIGH,100,,171,0,,,,CACCGCGGTCACACGATTAACCCAAGTCAATAGAAGCCGGCGTAAAGAGTGTTTTAGATCACCCCCTCCCCAATAAAGCTAAAACTCACCTGAGTTGTAAAAAACTCCAGTTGACACAAAATAGACTACGAAAGTGGCTTTAACATATCTGAACACACAATAGCTAAGACC
A1_1,11738_A1_1_S155_,Sardina pilchardus,60,CACCGCGGTTATACGAGAGGCCCTAGTTGATTTAATCGGCGTAAAGAGTGGTTATGGAGAGTTAAAAAATAGAGCTGAAGACCTCTCGGGCCGTAATACGCATCCAGAAGTTCGAATCACAAACACGAAAGTAGCTTTACCTTCTTCCACCAGAATCCACGACAGCTGGGACA,Zotu2,60,HIGH,100,,173,0,,,,CACCGCGGTTATACGAGAGGCCCTAGTTGATTTAATCGGCGTAAAGAGTGGTTATGGAGAGTTAAAAAATAGAGCTGAAGACCTCTCGGGCCGTAATACGCATCCAGAAGTTCGAATCACAAACACGAAAGTAGCTTTACCTTCTTCCACCAGAATCCACGACAGCTGGGACA
A1_2,11738_A1_2_S156_,Homo sapiens,682,CACCGCGGTCACACGATTAACCCAAGTCAATAGAAGCCGGCGTAAAGAGTGTTTTAGATCACCCCCTCCCCAATAAAGCTAAAACTCACCTGAGTTGTAAAAAACTCCAGTTGACACAAAATAGACTACGAAAGTGGCTTTAACATATCTGAACACACAATAGCTAAGACC,Zotu1,682,HIGH,100,,171,0,,,,CACCGCGGTCACACGATTAACCCAAGTCAATAGAAGCCGGCGTAAAGAGTGTTTTAGATCACCCCCTCCCCAATAAAGCTAAAACTCACCTGAGTTGTAAAAAACTCCAGTTGACACAAAATAGACTACGAAAGTGGCTTTAACATATCTGAACACACAATAGCTAAGACC
A1_3,11738_A1_3_S157_,Homo sapiens,5666,CACCGCGGTCACACGATTAACCCAAGTCAATAGAAGCCGGCGTAAAGAGTGTTTTAGATCACCCCCTCCCCAATAAAGCTAAAACTCACCTGAGTTGTAAAAAACTCCAGTTGACACAAAATAGACTACGAAAGTGGCTTTAACATATCTGAACACACAATAGCTAAGACC,Zotu1,5666,HIGH,100,,171,0,,,,CACCGCGGTCACACGATTAACCCAAGTCAATAGAAGCCGGCGTAAAGAGTGTTTTAGATCACCCCCTCCCCAATAAAGCTAAAACTCACCTGAGTTGTAAAAAACTCCAGTTGACACAAAATAGACTACGAAAGTGGCTTTAACATATCTGAACACACAATAGCTAAGACC
A1_4,11738_A1_4_S158_,Homo sapiens,31616,CACCGCGGTCACACGATTAACCCAAGTCAATAGAAGCCGGCGTAAAGAGTGTTTTAGATCACCCCCTCCCCAATAAAGCTAAAACTCACCTGAGTTGTAAAAAACTCCAGTTGACACAAAATAGACTACGAAAGTGGCTTTAACATATCTGAACACACAATAGCTAAGACC,Zotu1,31616,HIGH,100,,171,0,,,,CACCGCGGTCACACGATTAACCCAAGTCAATAGAAGCCGGCGTAAAGAGTGTTTTAGATCACCCCCTCCCCAATAAAGCTAAAACTCACCTGAGTTGTAAAAAACTCCAGTTGACACAAAATAGACTACGAAAGTGGCTTTAACATATCTGAACACACAATAGCTAAGACC
A2_1,11738_A2_1_S159_,Homo sapiens,46606,CACCGCGGTCACACGATTAACCCAAGTCAATAGAAGCCGGCGTAAAGAGTGTTTTAGATCACCCCCTCCCCAATAAAGCTAAAACTCACCTGAGTTGTAAAAAACTCCAGTTGACACAAAATAGACTACGAAAGTGGCTTTAACATATCTGAACACACAATAGCTAAGACC,Zotu1,40982,HIGH,100,,171,0,,,,CACCGCGGTCACACGATTAACCCAAGTCAATAGAAGCCGGCGTAAAGAGTGTTTTAGATCACCCCCTCCCCAATAAAGCTAAAACTCACCTGAGTTGTAAAAAACTCCAGTTGACACAAAATAGACTACGAAAGTGGCTTTAACATATCTGAACACACAATAGCTAAGACC
A2_1,11738_A2_1_S159_,Homo sapiens,46606,CACCGCGGTCACACGATTAACCCAAGTCAATAGAAGCCGGCGTAAAGAGTGTTTTAGATCACCCCCTCCCCAATAAAGCTAAAACTCACCTGAGTTGTAAAAAACTCCAGTTGACACAAAATAGACTACGAAAGTGGCTTTAACATATCTGAACACACAATAGCTAAGACC,Zotu2,5624,HIGH,99.42,,171,1,,,,CACCGCGGTCACACGATTAACCCAAGTCAATAGAAGCCGGCGTAAAGAGTGTTTTAGATCACCCCCTCCCCAATAAAGCTAAAACTCACCTGAGTTGTAAAAAACTACAGTTGACACAAAATAGACTACGAAAGTGGCTTTAACATATCTGAACACACAATAGCTAAGACC
A2_4,11738_A2_4_S162_,Danio rerio,51057,AACCGCGGTTAAACGAGAGGCTCTAGTTGATATACTACGGCGTAAAGGGTGGTTAAGGAACAATGTAAAATAGAGCCAAACGGCCCTTTAACTGTTATACGCTTTTAGATGCTAGAGGCCCAAACACGAAAGTAGCTTTAAATTAATTACCTGAACCCACGAAAGCTAAGAAA,Zotu1,51057,HIGH,100,,173,0,,,,AACCGCGGTTAAACGAGAGGCTCTAGTTGATATACTACGGCGTAAAGGGTGGTTAAGGAACAATGTAAAATAGAGCCAAACGGCCCTTTAACTGTTATACGCTTTTAGATGCTAGAGGCCCAAACACGAAAGTAGCTTTAAATTAATTACCTGAACCCACGAAAGCTAAGAAA
A4_1,11738_A4_1_S163_,Homo sapiens,14943,CACCGCGGTCACACGATTAACCCAAGTCAATAGAAGCCGGCGTAAAGAGTGTTTTAGATCACCCCCTCCCCAATAAAGCTAAAACTCACCTGAGTTGTAAAAAACTCCAGTTGACACAAAATAGACTACGAAAGTGGCTTTAACATATCTGAACACACAATAGCTAAGACC,Zotu1,14943,HIGH,100,,171,0,,,,CACCGCGGTCACACGATTAACCCAAGTCAATAGAAGCCGGCGTAAAGAGTGTTTTAGATCACCCCCTCCCCAATAAAGCTAAAACTCACCTGAGTTGTAAAAAACTCCAGTTGACACAAAATAGACTACGAAAGTGGCTTTAACATATCTGAACACACAATAGCTAAGACC
A4_2,11738_A4_2_S164_,Homo sapiens,13602,CACCGCGGTCACACGATTAACCCAAGTCAATAGAAGCCGGCGTAAAGAGTGTTTTAGATCACCCCCTCCCCAATAAAGCTAAAACTCACCTGAGTTGTAAAAAACTCCAGTTGACACAAAATAGACTACGAAAGTGGCTTTAACATATCTGAACACACAATAGCTAAGACC,Zotu1,9317,HIGH,100,,171,0,,,,CACCGCGGTCACACGATTAACCCAAGTCAATAGAAGCCGGCGTAAAGAGTGTTTTAGATCACCCCCTCCCCAATAAAGCTAAAACTCACCTGAGTTGTAAAAAACTCCAGTTGACACAAAATAGACTACGAAAGTGGCTTTAACATATCTGAACACACAATAGCTAAGACC
A4_2,11738_A4_2_S164_,Homo sapiens,13602,CACCGCGGTCACACGATTAACCCAAGTCAATAGAAGCCGGCGTAAAGAGTGTTTTAGATCACCCCCTCCCCAATAAAGCTAAAACTCACCTGAGTTGTAAAAAACTCCAGTTGACACAAAATAGACTACGAAAGTGGCTTTAACATATCTGAACACACAATAGCTAAGACC,Zotu2,4285,HIGH,99.42,,171,1,,,,CACCGCGGTCACACGATTAACCCAAGTCAATAGAAACCGGCGTAAAGAGTGTTTTAGATCACCCCCTCCCCAATAAAGCTAAAACTCACCTGAGTTGTAAAAAACTCCAGTTGACACAAAATAGACTACGAAAGTGGCTTTAACATATCTGAACACACAATAGCTAAGACC
A4_2,11738_A4_2_S164_,Pollachius pollachius,1433,CACCGCGGTTATACGAGAGGCTCAAATTGATGAAAAACGGCGTAAAGCGTGGTTAAGAAAATAAGAGAAAATACGGCCGAACAACTTCAAAGCAGTTATACGCATCCGAAGTCACGAAGAACAATCACGAAAGTTGCCCTAAAATCTCCGATTCCACGAAAGCCATAAAA,Zotu3,1433,MODERATE,100,0.69,170,0,Pollachius virens,170,1,CACCGCGGTTATACGAGAGGCTCAAATTGATGAAAAACGGCGTAAAGCGTGGTTAAGAAAATAAGAGAAAATACGGCCGAACAACTTCAAAGCAGTTATACGCATCCGAAGTCACGAAGAACAATCACGAAAGTTGCCCTAAAATCTCCGATTCCACGAAAGCCATAAAA
A4_2,11738_A4_2_S164_,Scomber scombrus,217,CACCGCGGTTATACGATAGGCCCAAGTTGACAGACCCCGGCGTAAAGCGTGGTTAGGGAAAATTTAAAACTAAAGCCGAACACCTTCAGGGCAGTCATACGCTTCCGAAGGCACGAAGCCCCTCCACGAAAGTGGCTTTACTACCCCCGACCCCACGAAAGCTAGGACA,Zotu4,217,HIGH,100,,169,0,,,,CACCGCGGTTATACGATAGGCCCAAGTTGACAGACCCCGGCGTAAAGCGTGGTTAGGGAAAATTTAAAACTAAAGCCGAACACCTTCAGGGCAGTCATACGCTTCCGAAGGCACGAAGCCCCTCCACGAAAGTGGCTTTACTACCCCCGACCCCACGAAAGCTAGGACA
A4_3,11738_A4_3_S165_,Scomber scombrus,30979,CACCGCGGTTATACGATAGGCCCAAGTTGACAGACCCCGGCGTAAAGCGTGGTTAGGGAAAATTTAAAACTAAAGCCGAACACCTTCAGGGCAGTCATACGCTTCCGAAGGCACGAAGCCCCTCCACGAAAGTGGCTTTACTACCCCCGACCCCACGAAAGCTAGGACA,Zotu1,30979,HIGH,100,,169,0,,,,CACCGCGGTTATACGATAGGCCCAAGTTGACAGACCCCGGCGTAAAGCGTGGTTAGGGAAAATTTAAAACTAAAGCCGAACACCTTCAGGGCAGTCATACGCTTCCGAAGGCACGAAGCCCCTCCACGAAAGTGGCTTTACTACCCCCGACCCCACGAAAGCTAGGACA
A4_3,11738_A4_3_S165_,Homo sapiens,23568,CACCGCGGTCACACGATTAACCCAAGTCAATAGAAGCCGGCGTAAAGAGTGTTTTAGATCACCCCCTCCCCAATAAAGCTAAAACTCACCTGAGTTGTAAAAAACTCCAGTTGACACAAAATAGACTACGAAAGTGGCTTTAACATATCTGAACACACAATAGCTAAGACC,Zotu2,23568,HIGH,100,,171,0,,,,CACCGCGGTCACACGATTAACCCAAGTCAATAGAAGCCGGCGTAAAGAGTGTTTTAGATCACCCCCTCCCCAATAAAGCTAAAACTCACCTGAGTTGTAAAAAACTCCAGTTGACACAAAATAGACTACGAAAGTGGCTTTAACATATCTGAACACACAATAGCTAAGACC
A4_3,11738_A4_3_S165_,Pollachius pollachius,96,CACCGCGGTTATACGAGAGGCTCAAATTGATGAAAAACGGCGTAAAGCGTGGTTAAGAAAATAAGAGAAAATACGGCCGAACAACTTCAAAGCAGTTATACGCATCCGAAGTCACGAAGAACAATCACGAAAGTTGCCCTAAAATCTCCGATTCCACGAAAGCCATAAAA,Zotu3,96,MODERATE,100,0.69,170,0,Pollachius virens,170,1,CACCGCGGTTATACGAGAGGCTCAAATTGATGAAAAACGGCGTAAAGCGTGGTTAAGAAAATAAGAGAAAATACGGCCGAACAACTTCAAAGCAGTTATACGCATCCGAAGTCACGAAGAACAATCACGAAAGTTGCCCTAAAATCTCCGATTCCACGAAAGCCATAAAA
A4_3,11738_A4_3_S165_,Trachinus draco,53,CACCGCGGTTATACGAGAGGCCCAAGTTGATAATCACCAGCGTAAAGCGTGGTTAAGGGAAGATAAAAACTAAAGCCGAACGCCCTCAGTTAACTGTTATACGATATACCGAAGGTAAGAAGCCCATCCACGAAAGTGACTTTAACAATATCCTGAACCCACGAAAGCTACGACA,Zotu4,53,HIGH,100,,175,0,,,,CACCGCGGTTATACGAGAGGCCCAAGTTGATAATCACCAGCGTAAAGCGTGGTTAAGGGAAGATAAAAACTAAAGCCGAACGCCCTCAGTTAACTGTTATACGATATACCGAAGGTAAGAAGCCCATCCACGAAAGTGACTTTAACAATATCCTGAACCCACGAAAGCTACGACA
A4_4,11738_A4_4_S166_,Homo sapiens,616,CACCGCGGTCACACGATTAACCCAAGTCAATAGAAGCCGGCGTAAAGAGTGTTTTAGATCACCCCCTCCCCAATAAAGCTAAAACTCACCTGAGTTGTAAAAAACTCCAGTTGACACAAAATAGACTACGAAAGTGGCTTTAACATATCTGAACACACAATAGCTAAGACC,Zotu1,616,HIGH,100,,171,0,,,,CACCGCGGTCACACGATTAACCCAAGTCAATAGAAGCCGGCGTAAAGAGTGTTTTAGATCACCCCCTCCCCAATAAAGCTAAAACTCACCTGAGTTGTAAAAAACTCCAGTTGACACAAAATAGACTACGAAAGTGGCTTTAACATATCTGAACACACAATAGCTAAGACC
A4_4,11738_A4_4_S166_,Scomber scombrus,272,CACCGCGGTTATACGATAGGCCCAAGTTGACAGACCCCGGCGTAAAGCGTGGTTAGGGAAAATTTAAAACTAAAGCCGAACACCTTCAGGGCAGTCATACGCTTCCGAAGGCACGAAGCCCCTCCACGAAAGTGGCTTTACTACCCCCGACCCCACGAAAGCTAGGACA,Zotu2,272,HIGH,100,,169,0,,,,CACCGCGGTTATACGATAGGCCCAAGTTGACAGACCCCGGCGTAAAGCGTGGTTAGGGAAAATTTAAAACTAAAGCCGAACACCTTCAGGGCAGTCATACGCTTCCGAAGGCACGAAGCCCCTCCACGAAAGTGGCTTTACTACCCCCGACCCCACGAAAGCTAGGACA
A8_1,11738_A8_1_S167_,Homo sapiens,56,CACCGCGGTCACACGATTAACCCAAGTCAATAGAAGCCGGCGTAAAGAGTGTTTTAGATCACCCCCTCCCCAATAAAGCTAAAACTCACCTGAGTTGTAAAAAACTCCAGTTGACACAAAATAGACTACGAAAGTGGCTTTAACATATCTGAACACACAATAGCTAAGACC,Zotu2,56,HIGH,100,,171,0,,,,CACCGCGGTCACACGATTAACCCAAGTCAATAGAAGCCGGCGTAAAGAGTGTTTTAGATCACCCCCTCCCCAATAAAGCTAAAACTCACCTGAGTTGTAAAAAACTCCAGTTGACACAAAATAGACTACGAAAGTGGCTTTAACATATCTGAACACACAATAGCTAAGACC
A8_1,11738_A8_1_S167_,Ammodytes personatus,14,CACCGCGGTTATACGAGAGGCCCAAGCTGATAGACCCCGGCGTAAAGAGTGGTTAAGGTAAACTTAAAACTAAAGCCGAACACCCTCACAGCTGTTATACGCACCCGAGAGTAAGAAGCCCAACTACGAAAGTGGCTTTACAACCCCTGAACCCACGAAAGCTATGACA,Zotu3,14,LOW,100,0,169,0,Ammodytes japonicus,169,0,CACCGCGGTTATACGAGAGGCCCAAGCTGATAGACCCCGGCGTAAAGAGTGGTTAAGGTAAACTTAAAACTAAAGCCGAACACCCTCACAGCTGTTATACGCACCCGAGAGTAAGAAGCCCAACTACGAAAGTGGCTTTACAACCCCTGAACCCACGAAAGCTATGACA
A8_2,11738_A8_2_S168_,Ammodytes marinus,35814,CACCGCGGTTATACGAGAGGCCCAAGCTGATAGACCCCGGCGTAAAGAGTGGTTAAGATAAACTTAAAACTAAAGCCGAACACCCTCACAGCTGTTATACGCACCCGAGAGTAAGAAGCCCAACTACGAAAGTGGCTTTACAACCCCTGAACCCACGAAAGCTATGACA,Zotu1,35814,LOW,100,0,169,0,Hyperoplus lanceolatus,169,0,CACCGCGGTTATACGAGAGGCCCAAGCTGATAGACCCCGGCGTAAAGAGTGGTTAAGATAAACTTAAAACTAAAGCCGAACACCCTCACAGCTGTTATACGCACCCGAGAGTAAGAAGCCCAACTACGAAAGTGGCTTTACAACCCCTGAACCCACGAAAGCTATGACA
A8_2,11738_A8_2_S168_,Lophius piscatorius,17546,CACCGCGGTTATACGAGAGGCCCAAGTTGACAACAGTCGGCGTAAAGCGTGGTTAGGCCATCAACCCCCACTAAAGTCGAATGCCCTCAAAGCTGTTATACGCACCCGAGGGTTAGAAGTTCAAATACGAAAGTAACTTTATAAGTCTGAACCCACGAAAGCTACGGCA,Zotu2,17546,MODERATE,100,0.69,169,0,Lophius budegassa,169,1,CACCGCGGTTATACGAGAGGCCCAAGTTGACAACAGTCGGCGTAAAGCGTGGTTAGGCCATCAACCCCCACTAAAGTCGAATGCCCTCAAAGCTGTTATACGCACCCGAGGGTTAGAAGTTCAAATACGAAAGTAACTTTATAAGTCTGAACCCACGAAAGCTACGGCA
A8_2,11738_A8_2_S168_,Homo sapiens,817,CACCGCGGTCACACGATTAACCCAAGTCAATAGAAGCCGGCGTAAAGAGTGTTTTAGATCACCCCCTCCCCAATAAAGCTAAAACTCACCTGAGTTGTAAAAAACTCCAGTTGACACAAAATAGACTACGAAAGTGGCTTTAACATATCTGAACACACAATAGCTAAGACC,Zotu3,817,HIGH,100,,171,0,,,,CACCGCGGTCACACGATTAACCCAAGTCAATAGAAGCCGGCGTAAAGAGTGTTTTAGATCACCCCCTCCCCAATAAAGCTAAAACTCACCTGAGTTGTAAAAAACTCCAGTTGACACAAAATAGACTACGAAAGTGGCTTTAACATATCTGAACACACAATAGCTAAGACC
A8_2,11738_A8_2_S168_,Scomber scombrus,55,CACCGCGGTTATACGATAGGCCCAAGTTGACAGACCCCGGCGTAAAGCGTGGTTAGGGAAAATTTAAAACTAAAGCCGAACACCTTCAGGGCAGTCATACGCTTCCGAAGGCACGAAGCCCCTCCACGAAAGTGGCTTTACTACCCCCGACCCCACGAAAGCTAGGACA,Zotu4,55,HIGH,100,,169,0,,,,CACCGCGGTTATACGATAGGCCCAAGTTGACAGACCCCGGCGTAAAGCGTGGTTAGGGAAAATTTAAAACTAAAGCCGAACACCTTCAGGGCAGTCATACGCTTCCGAAGGCACGAAGCCCCTCCACGAAAGTGGCTTTACTACCCCCGACCCCACGAAAGCTAGGACA
A8_3,11738_A8_3_S169_,Homo sapiens,29028,CACCGCGGTCACACGATTAACCCAAGTCAATAGAAGCCGGCGTAAAGAGTGTTTTAGATCACCCCCTCCCCAATAAAGCTAAAACTCACCTGAGTTGTAAAAAACTCCAGTTGACACAAAATAGACTACGAAAGTGGCTTTAACATATCTGAACACACAATAGCTAAGACC,Zotu1,29028,HIGH,100,,171,0,,,,CACCGCGGTCACACGATTAACCCAAGTCAATAGAAGCCGGCGTAAAGAGTGTTTTAGATCACCCCCTCCCCAATAAAGCTAAAACTCACCTGAGTTGTAAAAAACTCCAGTTGACACAAAATAGACTACGAAAGTGGCTTTAACATATCTGAACACACAATAGCTAAGACC
A8_4,11738_A8_4_S170_,Bos primigenius,16620,CACCGCGGTCATACGATTAACCCAAGCTAACAGGAGTACGGCGTAAAACGTGTTAAAGCACCATACCAAATAGGGTTAAATTCTAACTAAGCTGTAAAAAGCCATGATTAAAATAAAAATAAATGACGAAAGTGACCCTACAATAGCCGACGCACTATAGCTAAGACC,Zotu1,16620,LOW,100,0,168,0,Bos javanicus,168,0,CACCGCGGTCATACGATTAACCCAAGCTAACAGGAGTACGGCGTAAAACGTGTTAAAGCACCATACCAAATAGGGTTAAATTCTAACTAAGCTGTAAAAAGCCATGATTAAAATAAAAATAAATGACGAAAGTGACCCTACAATAGCCGACGCACTATAGCTAAGACC
A8_4,11738_A8_4_S170_,Homo sapiens,10724,CACCGCGGTCACACGATTAACCCAAGTCAATAGAAGCCGGCGTAAAGAGTGTTTTAGATCACCCCCTCCCCAATAAAGCTAAAACTCACCTGAGTTGTAAAAAACTCCAGTTGACACAAAATAGACTACGAAAGTGGCTTTAACATATCTGAACACACAATAGCTAAGACC,Zotu2,10724,HIGH,100,,171,0,,,,CACCGCGGTCACACGATTAACCCAAGTCAATAGAAGCCGGCGTAAAGAGTGTTTTAGATCACCCCCTCCCCAATAAAGCTAAAACTCACCTGAGTTGTAAAAAACTCCAGTTGACACAAAATAGACTACGAAAGTGGCTTTAACATATCTGAACACACAATAGCTAAGACC
A8_4,11738_A8_4_S170_,Clupea harengus,9803,CACCGCGGTTATACGAGAGACCCTAGTTGATATATTCGGCGTAAAGAGTGGTTATGGAAAACAAGCACTAAAGCCAAAGAGCCCTCAGGCCGTTATACGCACCCGGGGCCTCGAACCACTATCACGAAAGTAGCTTTACCCTCGCCCACCAGAACCCACGAGAGCTGGGACA,Zotu3,9803,MODERATE,100,0.69,172,0,Clupea pallasii,172,1,CACCGCGGTTATACGAGAGACCCTAGTTGATATATTCGGCGTAAAGAGTGGTTATGGAAAACAAGCACTAAAGCCAAAGAGCCCTCAGGCCGTTATACGCACCCGGGGCCTCGAACCACTATCACGAAAGTAGCTTTACCCTCGCCCACCAGAACCCACGAGAGCTGGGACA
FR0_1,11738_FR0_1_S171_,Homo sapiens,25267,CACCGCGGTCACACGATTAACCCAAGTCAATAGAAGCCGGCGTAAAGAGTGTTTTAGATCACCCCCTCCCCAATAAAGCTAAAACTCACCTGAGTTGTAAAAAACTCCAGTTGACACAAAATAGACTACGAAAGTGGCTTTAACATATCTGAACACACAATAGCTAAGACC,Zotu1,25267,HIGH,100,,171,0,,,,CACCGCGGTCACACGATTAACCCAAGTCAATAGAAGCCGGCGTAAAGAGTGTTTTAGATCACCCCCTCCCCAATAAAGCTAAAACTCACCTGAGTTGTAAAAAACTCCAGTTGACACAAAATAGACTACGAAAGTGGCTTTAACATATCTGAACACACAATAGCTAAGACC
FR0_1,11738_FR0_1_S171_,Pollachius pollachius,173,CACCGCGGTTATACGAGAGGCTCAAATTGATGAAAAACGGCGTAAAGCGTGGTTAAGAAAATAAGAGAAAATACGGCCGAACAACTTCAAAGCAGTTATACGCATCCGAAGTCACGAAGAACAATCACGAAAGTTGCCCTAAAATCTCCGATTCCACGAAAGCCATAAAA,Zotu2,127,MODERATE,100,0.69,170,0,Pollachius virens,170,1,CACCGCGGTTATACGAGAGGCTCAAATTGATGAAAAACGGCGTAAAGCGTGGTTAAGAAAATAAGAGAAAATACGGCCGAACAACTTCAAAGCAGTTATACGCATCCGAAGTCACGAAGAACAATCACGAAAGTTGCCCTAAAATCTCCGATTCCACGAAAGCCATAAAA
FR0_1,11738_FR0_1_S171_,Pollachius pollachius,173,CACCGCGGTTATACGAGAGGCTCAAATTGATGAAAAACGGCGTAAAGCGTGGTTAAGAAAATAAGAGAAAATACGGCCGAACAACTTCAAAGCAGTTATACGCATCCGAAGTCACGAAGAACAATCACGAAAGTTGCCCTAAAATCTCCGATTCCACGAAAGCCATAAAA,Zotu3,46,LOW,99.41,0.41,170,1,Pollachius virens,170,2,CACCGCAGTTATACGAGAGGCTCAAATTGATGAAAAACGGCGTAAAGCGTGGTTAAGAAAATAAGAGAAAATACGGCCGAACAACTTCAAAGCAGTTATACGCATCCGAAGTCACGAAGAACAATCACGAAAGTTGCCCTAAAATCTCCGATTCCACGAAAGCCATAAAA
FR0_2,11738_FR0_2_S172_,Skip,,,,,,,,,,,,,
FR0_3,11738_FR0_3_S173_,Skip,,,,,,,,,,,,,
FR0_4,11738_FR0_4_S174_,Skip,,,,,,,,,,,,,
FR1_1,11738_FR1_1_S175_,Homo sapiens,19833,CACCGCGGTCACACGATTAACCCAAGTCAATAGAAGCCGGCGTAAAGAGTGTTTTAGATCACCCCCTCCCCAATAAAGCTAAAACTCACCTGAGTTGTAAAAAACTCCAGTTGACACAAAATAGACTACGAAAGTGGCTTTAACATATCTGAACACACAATAGCTAAGACC,Zotu1,16867,HIGH,100,,171,0,,,,CACCGCGGTCACACGATTAACCCAAGTCAATAGAAGCCGGCGTAAAGAGTGTTTTAGATCACCCCCTCCCCAATAAAGCTAAAACTCACCTGAGTTGTAAAAAACTCCAGTTGACACAAAATAGACTACGAAAGTGGCTTTAACATATCTGAACACACAATAGCTAAGACC
FR1_1,11738_FR1_1_S175_,Homo sapiens,19833,CACCGCGGTCACACGATTAACCCAAGTCAATAGAAGCCGGCGTAAAGAGTGTTTTAGATCACCCCCTCCCCAATAAAGCTAAAACTCACCTGAGTTGTAAAAAACTCCAGTTGACACAAAATAGACTACGAAAGTGGCTTTAACATATCTGAACACACAATAGCTAAGACC,Zotu2,2966,HIGH,99.42,,171,1,,,,CACCGCGGTCACACGATTAACCCAAGTCAATAGAAACCGGCGTAAAGAGTGTTTTAGATCACCCCCTCCCCAATAAAGCTAAAACTCACCTGAGTTGTAAAAAACTCCAGTTGACACAAAATAGACTACGAAAGTGGCTTTAACATATCTGAACACACAATAGCTAAGACC
FR1_2,11738_FR1_2_S176_,Homo sapiens,17856,CACCGCGGTCACACGATTAACCCAAGTCAATAGAAGCCGGCGTAAAGAGTGTTTTAGATCACCCCCTCCCCAATAAAGCTAAAACTCACCTGAGTTGTAAAAAACTCCAGTTGACACAAAATAGACTACGAAAGTGGCTTTAACATATCTGAACACACAATAGCTAAGACC,Zotu1,17856,HIGH,100,,171,0,,,,CACCGCGGTCACACGATTAACCCAAGTCAATAGAAGCCGGCGTAAAGAGTGTTTTAGATCACCCCCTCCCCAATAAAGCTAAAACTCACCTGAGTTGTAAAAAACTCCAGTTGACACAAAATAGACTACGAAAGTGGCTTTAACATATCTGAACACACAATAGCTAAGACC
FR1_3,11738_FR1_3_S177_,Canis lupus,7676,CACCGCGGTCATACGATTAACCCAAACTAATAGGCCTACGGCGTAAAGCGTGTTCAAGATACTTTTACACTAAAGTTAAAACTTAACTAAGCCGTAAAAAGCTACAGTTATCATAAAATAAACCACGAAAGTGACTTTATAATAATCTGACTACACGATAGCTAAGACC,Zotu1,7676,MODERATE,98.82,,169,2,,,,CACCGCGGTCATACGATTAACCCAAACTAATAGGCCTACGGCGTAAAGCGTGTTCAAGATACTTTTACACTAAAGTTAAAACTTAACTAAGCCGTAAAAAGCTACAGTTATCATAAAATAAACCACGAAAGTGACTTTATAATAATCTGACTACACGATAGCTAAGACC
FR1_3,11738_FR1_3_S177_,Homo sapiens,644,CACCGCGGTCACACGATTAACCCAAGTCAATAGAAGCCGGCGTAAAGAGTGTTTTAGATCACCCCCTCCCCAATAAAGCTAAAACTCACCTGAGTTGTAAAAAACTCCAGTTGACACAAAATAGACTACGAAAGTGGCTTTAACATATCTGAACACACAATAGCTAAGACC,Zotu2,644,HIGH,100,,171,0,,,,CACCGCGGTCACACGATTAACCCAAGTCAATAGAAGCCGGCGTAAAGAGTGTTTTAGATCACCCCCTCCCCAATAAAGCTAAAACTCACCTGAGTTGTAAAAAACTCCAGTTGACACAAAATAGACTACGAAAGTGGCTTTAACATATCTGAACACACAATAGCTAAGACC
NTC_seq,11738_Neg_1_S179_,Skip,,,,,,,,,,,,,
PTC_seq,11738_Zebra_1_S178_,Danio rerio,52967,AACCGCGGTTAAACGAGAGGCTCTAGTTGATATACTACGGCGTAAAGGGTGGTTAAGGAACAATGTAAAATAGAGCCAAACGGCCCTTTAACTGTTATACGCTTTTAGATGCTAGAGGCCCAAACACGAAAGTAGCTTTAAATTAATTACCTGAACCCACGAAAGCTAAGAAA,Zotu1,52967,HIGH,100,,173,0,,,,AACCGCGGTTAAACGAGAGGCTCTAGTTGATATACTACGGCGTAAAGGGTGGTTAAGGAACAATGTAAAATAGAGCCAAACGGCCCTTTAACTGTTATACGCTTTTAGATGCTAGAGGCCCAAACACGAAAGTAGCTTTAAATTAATTACCTGAACCCACGAAAGCTAAGAAA
B1,11738_B1_1_S71_,Homo sapiens,88980,CACCGCGGTCACACGATTAACCCAAGTCAATAGAAACCGGCGTAAAGAGTGTTTTAGATCACCCCCTCCCCAATAAAGCTAAAACTCACCTGAGTTGTAAAAAACTCCAGTTGACACAAAATAGACTACGAAAGTGGCTTTAACATATCTGAACACACAATAGCTAAGACC,Zotu1,88980,HIGH,99.42,,171,1,,,,CACCGCGGTCACACGATTAACCCAAGTCAATAGAAACCGGCGTAAAGAGTGTTTTAGATCACCCCCTCCCCAATAAAGCTAAAACTCACCTGAGTTGTAAAAAACTCCAGTTGACACAAAATAGACTACGAAAGTGGCTTTAACATATCTGAACACACAATAGCTAAGACC
B1,11738_B1_1_S71_,Pollachius pollachius,19155,CACCGCGGTTATACGAGAGGCTCAAATTGATGAAAAACGGCGTAAAGCGTGGTTAAGAAAATAAGAGAAAATACGGCCGAACAACTTCAAAGCAGTTATACGCATCCGAAGTCACGAAGAACAATCACGAAAGTTGCCCTAAAATCTCCGATTCCACGAAAGCCATAAAA,Zotu2,19155,MODERATE,100,0.69,170,0,Pollachius virens,170,1,CACCGCGGTTATACGAGAGGCTCAAATTGATGAAAAACGGCGTAAAGCGTGGTTAAGAAAATAAGAGAAAATACGGCCGAACAACTTCAAAGCAGTTATACGCATCCGAAGTCACGAAGAACAATCACGAAAGTTGCCCTAAAATCTCCGATTCCACGAAAGCCATAAAA
B0,11738_B01_S75_,Homo sapiens,98400,CACCGCGGTCACACGATTAACCCAAGTCAATAGAAGCCGGCGTAAAGAGTGTTTTAGATCACCCCCTCCCCAATAAAGCTAAAACTCACCTGAGTTGTAAAAAACTCCAGTTGACACAAAATAGACTACGAAAGTGGCTTTAACATATCTGAACACACAATAGCTAAGACC,Zotu1,98400,HIGH,100,,171,0,,,,CACCGCGGTCACACGATTAACCCAAGTCAATAGAAGCCGGCGTAAAGAGTGTTTTAGATCACCCCCTCCCCAATAAAGCTAAAACTCACCTGAGTTGTAAAAAACTCCAGTTGACACAAAATAGACTACGAAAGTGGCTTTAACATATCTGAACACACAATAGCTAAGACC
B0,11738_B01_S75_,Canis lupus,42303,CACCGCGGTCATACGATTAACCCAAACTAATAGGCCTACGGCGTAAAGCGTGTTCAAGATACTTTTACACTAAAGTTAAAACTTAACTAAGCCGTAAAAAGCTACAGTTATCATAAAATAAACCACGAAAGTGACTTTATAATAATCTGACTACACGATAGCTAAGACC,Zotu2,42303,MODERATE,98.82,,169,2,,,,CACCGCGGTCATACGATTAACCCAAACTAATAGGCCTACGGCGTAAAGCGTGTTCAAGATACTTTTACACTAAAGTTAAAACTTAACTAAGCCGTAAAAAGCTACAGTTATCATAAAATAAACCACGAAAGTGACTTTATAATAATCTGACTACACGATAGCTAAGACC
B2,11738_B2_S72_,Danio rerio,212041,AACCGCGGTTAAACGAGAGGCTCTAGTTGATATACTACGGCGTAAAGGGTGGTTAAGGAACAATGTAAAATAGAGCCAAACGGCCCTTTAACTGTTATACGCTTTTAGATGCTAGAGGCCCAAACACGAAAGTAGCTTTAAATTAATTACCTGAACCCACGAAAGCTAAGAAA,Zotu1,212041,HIGH,100,,173,0,,,,AACCGCGGTTAAACGAGAGGCTCTAGTTGATATACTACGGCGTAAAGGGTGGTTAAGGAACAATGTAAAATAGAGCCAAACGGCCCTTTAACTGTTATACGCTTTTAGATGCTAGAGGCCCAAACACGAAAGTAGCTTTAAATTAATTACCTGAACCCACGAAAGCTAAGAAA
B2,11738_B2_S72_,Homo sapiens,114870,CACCGCGGTCACACGATTAACCCAAGTCAATAGAAGCCGGCGTAAAGAGTGTTTTAGATCACCCCCTCCCCAATAAAGCTAAAACTCACCTGAGTTGTAAAAAACTCCAGTTGACACAAAATAGACTACGAAAGTGGCTTTAACATATCTGAACACACAATAGCTAAGACC,Zotu2,83901,HIGH,100,,171,0,,,,CACCGCGGTCACACGATTAACCCAAGTCAATAGAAGCCGGCGTAAAGAGTGTTTTAGATCACCCCCTCCCCAATAAAGCTAAAACTCACCTGAGTTGTAAAAAACTCCAGTTGACACAAAATAGACTACGAAAGTGGCTTTAACATATCTGAACACACAATAGCTAAGACC
B2,11738_B2_S72_,Homo sapiens,114870,CACCGCGGTCACACGATTAACCCAAGTCAATAGAAGCCGGCGTAAAGAGTGTTTTAGATCACCCCCTCCCCAATAAAGCTAAAACTCACCTGAGTTGTAAAAAACTCCAGTTGACACAAAATAGACTACGAAAGTGGCTTTAACATATCTGAACACACAATAGCTAAGACC,Zotu3,30969,HIGH,99.42,,171,1,,,,CACCGCGGTCACACGATTAACCCAAGTCAATAGAAACCGGCGTAAAGAGTGTTTTAGATCACCCCCTCCCCAATAAAGCTAAAACTCACCTGAGTTGTAAAAAACTCCAGTTGACACAAAATAGACTACGAAAGTGGCTTTAACATATCTGAACACACAATAGCTAAGACC
B2,11738_B2_S72_,Canis lupus,28111,CACCGCGGTCATACGATTAACCCAAACTAATAGGCCTACGGCGTAAAGCGTGTTCAAGATACTTTTACACTAAAGTTAAAACTTAACTAAGCCGTAAAAAGCTACAGTTATCATAAAATAAACCACGAAAGTGACTTTATAATAATCTGACTACACGATAGCTAAGACC,Zotu4,28111,MODERATE,98.82,,169,2,,,,CACCGCGGTCATACGATTAACCCAAACTAATAGGCCTACGGCGTAAAGCGTGTTCAAGATACTTTTACACTAAAGTTAAAACTTAACTAAGCCGTAAAAAGCTACAGTTATCATAAAATAAACCACGAAAGTGACTTTATAATAATCTGACTACACGATAGCTAAGACC
B4,11738_B4_S74_,Homo sapiens,3722,CACCGCGGTCACACGATTAACCCAAGTCAATAGAAGCCGGCGTAAAGAGTGTTTTAGATCACCCCCTCCCCAATAAAGCTAAAACTCACCTGAGTTGTAAAAAACTCCAGTTGACACAAAATAGACTACGAAAGTGGCTTTAACATATCTGAACACACAATAGCTAAGACC,Zotu1,3722,HIGH,100,,171,0,,,,CACCGCGGTCACACGATTAACCCAAGTCAATAGAAGCCGGCGTAAAGAGTGTTTTAGATCACCCCCTCCCCAATAAAGCTAAAACTCACCTGAGTTGTAAAAAACTCCAGTTGACACAAAATAGACTACGAAAGTGGCTTTAACATATCTGAACACACAATAGCTAAGACC
B8,11738_B8_S73_,Canis lupus,174371,CACCGCGGTCATACGATTAACCCAAACTAATAGGCCTACGGCGTAAAGCGTGTTCAAGATACTTTTACACTAAAGTTAAAACTTAACTAAGCCGTAAAAAGCTACAGTTATCATAAAATAAACCACGAAAGTGACTTTATAATAATCTGACTACACGATAGCTAAGACC,Zotu1,174371,MODERATE,98.82,,169,2,,,,CACCGCGGTCATACGATTAACCCAAACTAATAGGCCTACGGCGTAAAGCGTGTTCAAGATACTTTTACACTAAAGTTAAAACTTAACTAAGCCGTAAAAAGCTACAGTTATCATAAAATAAACCACGAAAGTGACTTTATAATAATCTGACTACACGATAGCTAAGACC
B8,11738_B8_S73_,Homo sapiens,3226,CACCGCGGTCACACGATTAACCCAAGTCAATAGAAGCCGGCGTAAAGAGTGTTTTAGATCACCCCCTCCCCAATAAAGCTAAAACTCACCTGAGTTGTAAAAAACTCCAGTTGACACAAAATAGACTACGAAAGTGGCTTTAACATATCTGAACACACAATAGCTAAGACC,Zotu2,3226,HIGH,100,,171,0,,,,CACCGCGGTCACACGATTAACCCAAGTCAATAGAAGCCGGCGTAAAGAGTGTTTTAGATCACCCCCTCCCCAATAAAGCTAAAACTCACCTGAGTTGTAAAAAACTCCAGTTGACACAAAATAGACTACGAAAGTGGCTTTAACATATCTGAACACACAATAGCTAAGACC
FR1_4,11738_FR1_4_S76_,Homo sapiens,3067,CACCGCGGTCACACGATTAACCCAAGTCAATAGAAGCCGGCGTAAAGAGTGTTTTAGATCACCCCCTCCCCAATAAAGCTAAAACTCACCTGAGTTGTAAAAAACTCCAGTTGACACAAAATAGACTACGAAAGTGGCTTTAACATATCTGAACACACAATAGCTAAGACC,Zotu1,3067,HIGH,100,,171,0,,,,CACCGCGGTCACACGATTAACCCAAGTCAATAGAAGCCGGCGTAAAGAGTGTTTTAGATCACCCCCTCCCCAATAAAGCTAAAACTCACCTGAGTTGTAAAAAACTCCAGTTGACACAAAATAGACTACGAAAGTGGCTTTAACATATCTGAACACACAATAGCTAAGACC
FR2_1,11738_FR2_1_S59_,Sardina pilchardus,315352,CACCGCGGTTATACGAGAGGCCCTAGTTGATTTAATCGGCGTAAAGAGTGGTTATGGAGAGTTAAAAAATAGAGCTGAAGACCTCTCGGGCCGTAATACGCATCCAGAAGTTCGAATCACAAACACGAAAGTAGCTTTACCTTCTTCCACCAGAATCCACGACAGCTGGGACA,Zotu1,315352,HIGH,100,,173,0,,,,CACCGCGGTTATACGAGAGGCCCTAGTTGATTTAATCGGCGTAAAGAGTGGTTATGGAGAGTTAAAAAATAGAGCTGAAGACCTCTCGGGCCGTAATACGCATCCAGAAGTTCGAATCACAAACACGAAAGTAGCTTTACCTTCTTCCACCAGAATCCACGACAGCTGGGACA
FR2_2,11738_FR2_2_S60_,Homo sapiens,7097,CACCGCGGTCACACGATTAACCCAAGTCAATAGAAGCCGGCGTAAAGAGTGTTTTAGATCACCCCCTCCCCAATAAAGCTAAAACTCACCTGAGTTGTAAAAAACTCCAGTTGACACAAAATAGACTACGAAAGTGGCTTTAACATATCTGAACACACAATAGCTAAGACC,Zotu1,7097,HIGH,100,,171,0,,,,CACCGCGGTCACACGATTAACCCAAGTCAATAGAAGCCGGCGTAAAGAGTGTTTTAGATCACCCCCTCCCCAATAAAGCTAAAACTCACCTGAGTTGTAAAAAACTCCAGTTGACACAAAATAGACTACGAAAGTGGCTTTAACATATCTGAACACACAATAGCTAAGACC
FR2_3,11738_FR2_3_S61_,Danio rerio,193919,AACCGCGGTTAAACGAGAGGCTCTAGTTGATATACTACGGCGTAAAGGGTGGTTAAGGAACAATGTAAAATAGAGCCAAACGGCCCTTTAACTGTTATACGCTTTTAGATGCTAGAGGCCCAAACACGAAAGTAGCTTTAAATTAATTACCTGAACCCACGAAAGCTAAGAAA,Zotu2,193919,HIGH,100,,173,0,,,,AACCGCGGTTAAACGAGAGGCTCTAGTTGATATACTACGGCGTAAAGGGTGGTTAAGGAACAATGTAAAATAGAGCCAAACGGCCCTTTAACTGTTATACGCTTTTAGATGCTAGAGGCCCAAACACGAAAGTAGCTTTAAATTAATTACCTGAACCCACGAAAGCTAAGAAA
FR2_3,11738_FR2_3_S61_,Homo sapiens,6323,CACCGCGGTCACACGATTAACCCAAGTCAATAGAAGCCGGCGTAAAGAGTGTTTTAGATCACCCCCCTCCCCAATAAAGCTAAAACTCACCTGAGTTGTAAAAAACTCCAGTTGACACAAAATAGACTACGAAAGTGGCTTTAACATATCTGAACACACAATAGCTAAGACC,Zotu3,6323,HIGH,99.42,,172,1,,,,CACCGCGGTCACACGATTAACCCAAGTCAATAGAAGCCGGCGTAAAGAGTGTTTTAGATCACCCCCCTCCCCAATAAAGCTAAAACTCACCTGAGTTGTAAAAAACTCCAGTTGACACAAAATAGACTACGAAAGTGGCTTTAACATATCTGAACACACAATAGCTAAGACC
FR2_4,11738_FR2_4_S62_,Danio rerio,221938,AACCGCGGTTAAACGAGAGGCTCTAGTTGATATACTACGGCGTAAAGGGTGGTTAAGGAACAATGTAAAATAGAGCCAAACGGCCCTTTAACTGTTATACGCTTTTAGATGCTAGAGGCCCAAACACGAAAGTAGCTTTAAATTAATTACCTGAACCCACGAAAGCTAAGAAA,Zotu1,221938,HIGH,100,,173,0,,,,AACCGCGGTTAAACGAGAGGCTCTAGTTGATATACTACGGCGTAAAGGGTGGTTAAGGAACAATGTAAAATAGAGCCAAACGGCCCTTTAACTGTTATACGCTTTTAGATGCTAGAGGCCCAAACACGAAAGTAGCTTTAAATTAATTACCTGAACCCACGAAAGCTAAGAAA
FR2_4,11738_FR2_4_S62_,Homo sapiens,3152,CACCGCGGTCACACGATTAACCCAAGTCAATAGAAGCCGGCGTAAAGAGTGTTTTAGATCACCCCCCTCCCCAATAAAGCTAAAACTCACCTGAGTTGTAAAAAACTCCAGTTGACACAAAATAGACTACGAAAGTGGCTTTAACATATCTGAACACACAATAGCTAAGACC,Zotu2,3152,HIGH,99.42,,172,1,,,,CACCGCGGTCACACGATTAACCCAAGTCAATAGAAGCCGGCGTAAAGAGTGTTTTAGATCACCCCCCTCCCCAATAAAGCTAAAACTCACCTGAGTTGTAAAAAACTCCAGTTGACACAAAATAGACTACGAAAGTGGCTTTAACATATCTGAACACACAATAGCTAAGACC
FR4_1,11738_FR4_1_S63_,Homo sapiens,8334,CACCGCGGTCACACGATTAACCCAAGTCAATAGAAGCCGGCGTAAAGAGTGTTTTAGATCACCCCCTCCCCAATAAAGCTAAAACTCACCTGAGTTGTAAAAAACTCCAGTTGACACAAAATAGACTACGAAAGTGGCTTTAACATATCTGAACACACAATAGCTAAGACC,Zotu1,8334,HIGH,100,,171,0,,,,CACCGCGGTCACACGATTAACCCAAGTCAATAGAAGCCGGCGTAAAGAGTGTTTTAGATCACCCCCTCCCCAATAAAGCTAAAACTCACCTGAGTTGTAAAAAACTCCAGTTGACACAAAATAGACTACGAAAGTGGCTTTAACATATCTGAACACACAATAGCTAAGACC
FR4_2,11738_FR4_2_S64_,Homo sapiens,5230,CACCGCGGTCACACGATTAACCCAAGTCAATAGAAGCCGGCGTAAAGAGTGTTTTAGATCACCCCCTCCCCAATAAAGCTAAAACTCACCTGAGTTGTAAAAAACTCCAGTTGACACAAAATAGACTACGAAAGTGGCTTTAACATATCTGAACACACAATAGCTAAGACC,Zotu1,5230,HIGH,100,,171,0,,,,CACCGCGGTCACACGATTAACCCAAGTCAATAGAAGCCGGCGTAAAGAGTGTTTTAGATCACCCCCTCCCCAATAAAGCTAAAACTCACCTGAGTTGTAAAAAACTCCAGTTGACACAAAATAGACTACGAAAGTGGCTTTAACATATCTGAACACACAATAGCTAAGACC
FR4_3,11738_FR4_3_S65_,Homo sapiens,59588,CACCGCGGTCACACGATTAACCCAAGTCAATAGAAGCCGGCGTAAAGAGTGTTTTAGATCACCCCCTCCCCAATAAAGCTAAAACTCACCTGAGTTGTAAAAAACTCCAGTTGACACAAAATAGACTACGAAAGTGGCTTTAACATATCTGAACACACAATAGCTAAGACC,Zotu1,59588,HIGH,100,,171,0,,,,CACCGCGGTCACACGATTAACCCAAGTCAATAGAAGCCGGCGTAAAGAGTGTTTTAGATCACCCCCTCCCCAATAAAGCTAAAACTCACCTGAGTTGTAAAAAACTCCAGTTGACACAAAATAGACTACGAAAGTGGCTTTAACATATCTGAACACACAATAGCTAAGACC
FR4_4,11738_FR4_4_S66_,Homo sapiens,426220,CACCGCGGTCACACGATTAACCCAAGTCAATAGAAGCCGGCGTAAAGAGTGTTTTAGATCACCCCCTCCCCAATAAAGCTAAAACTCACCTGAGTTGTAAAAAACTCCAGTTGACACAAAATAGACTACGAAAGTGGCTTTAACATATCTGAACACACAATAGCTAAGACC,Zotu1,426220,HIGH,100,,171,0,,,,CACCGCGGTCACACGATTAACCCAAGTCAATAGAAGCCGGCGTAAAGAGTGTTTTAGATCACCCCCTCCCCAATAAAGCTAAAACTCACCTGAGTTGTAAAAAACTCCAGTTGACACAAAATAGACTACGAAAGTGGCTTTAACATATCTGAACACACAATAGCTAAGACC
FR4_4,11738_FR4_4_S66_,Canis lupus,3166,CACCGCGGTCATACGATTAACCCAAACTAATAGGCCTACGGCGTAAAGCGTGTTCAAGATACTTTTACACTAAAGTTAAAACTTAACTAAGCCGTAAAAAGCTACAGTTATCATAAAATAAACCACGAAAGTGACTTTATAATAATCTGACTACACGATAGCTAAGACC,Zotu2,3166,MODERATE,98.82,,169,2,,,,CACCGCGGTCATACGATTAACCCAAACTAATAGGCCTACGGCGTAAAGCGTGTTCAAGATACTTTTACACTAAAGTTAAAACTTAACTAAGCCGTAAAAAGCTACAGTTATCATAAAATAAACCACGAAAGTGACTTTATAATAATCTGACTACACGATAGCTAAGACC
FR8_1,11738_FR8_1_S67_,Homo sapiens,101185,CACCGCGGTCACACGATTAACCCAAGTCAATAGAAGCCGGCGTAAAGAGTGTTTTAGATCACCCCCTCCCCAATAAAGCTAAAACTCACCTGAGTTGTAAAAAACTCCAGTTGACACAAAATAGACTACGAAAGTGGCTTTAACATATCTGAACACACAATAGCTAAGACC,Zotu1,101185,HIGH,100,,171,0,,,,CACCGCGGTCACACGATTAACCCAAGTCAATAGAAGCCGGCGTAAAGAGTGTTTTAGATCACCCCCTCCCCAATAAAGCTAAAACTCACCTGAGTTGTAAAAAACTCCAGTTGACACAAAATAGACTACGAAAGTGGCTTTAACATATCTGAACACACAATAGCTAAGACC
FR8_1,11738_FR8_1_S67_,Canis lupus,5834,CACCGCGGTCATACGATTAACCCAAACTAATAGGCCTACGGCGTAAAGCGTGTTCAAGATACTTTTACACTAAAGTTAAAACTTAACTAAGCCGTAAAAAGCTACAGTTATCATAAAATAAACAACGAAAGTGACTTTATAATAATCTGACTACACGATAGCTAAGACC,Zotu2,4992,MODERATE,98.22,,169,3,,,,CACCGCGGTCATACGATTAACCCAAACTAATAGGCCTACGGCGTAAAGCGTGTTCAAGATACTTTTACACTAAAGTTAAAACTTAACTAAGCCGTAAAAAGCTACAGTTATCATAAAATAAACAACGAAAGTGACTTTATAATAATCTGACTACACGATAGCTAAGACC
,,,,,Zotu3,842,MODERATE,98.22,,169,3,,,,CACCGCGGTTATACGATTAACCCAAACTAATAGGCCTACGGCGTAAAGCGTGTTCAAGATACTTTTACACTAAAGTTAAAACTTAACTAAGCCGTAAAAAGCTACAGTTATCATAAAATAAACCACGAAAGTGACTTTATAATAATCTGACTACACGATAGCTAAGACC
FR8_2,11738_FR8_2_S68_,Homo sapiens,4800,CACCGCGGTCACACGATTAACCCAAGTCAATAGAAGCCGGCGTAAAGAGTGTTTTAGATCACCCCCTCCCCAATAAAGCTAAAACTCACCTGAGTTGTAAAAAACTCCAGTTGACACAAAATAGACTACGAAAGTGGCTTTAACATATCTGAACACACAATAGCTAAGACC,Zotu1,4800,HIGH,100,,171,0,,,,CACCGCGGTCACACGATTAACCCAAGTCAATAGAAGCCGGCGTAAAGAGTGTTTTAGATCACCCCCTCCCCAATAAAGCTAAAACTCACCTGAGTTGTAAAAAACTCCAGTTGACACAAAATAGACTACGAAAGTGGCTTTAACATATCTGAACACACAATAGCTAAGACC
FR8_3,11738_FR8_3_S69_,Danio rerio,196142,AACCGCGGTTAAACGAGAGGCTCTAGTTGATATACTACGGCGTAAAGGGTGGTTAAGGAACAATGTAAAATAGAGCCAAACGGCCCTTTAACTGTTATACGCTTTTAGATGCTAGAGGCCCAAACACGAAAGTAGCTTTAAATTAATTACCTGAACCCACGAAAGCTAAGAAA,Zotu1,196142,HIGH,100,,173,0,,,,AACCGCGGTTAAACGAGAGGCTCTAGTTGATATACTACGGCGTAAAGGGTGGTTAAGGAACAATGTAAAATAGAGCCAAACGGCCCTTTAACTGTTATACGCTTTTAGATGCTAGAGGCCCAAACACGAAAGTAGCTTTAAATTAATTACCTGAACCCACGAAAGCTAAGAAA
FR8_3,11738_FR8_3_S69_,Homo sapiens,14926,CACCGCGGTCACACGATTAACCCAAGTCAATAGAAGCCGGCGTAAAGAGTGTTTTAGATCACCCCCTCCCCAATAAAGCTAAAACTCACCTGAGTTGTAAAAAACTCCAGTTGACACAAAATAGACTACGAAAGTGGCTTTAACATATCTGAACACACAATAGCTAAGACC,Zotu2,14926,HIGH,100,,171,0,,,,CACCGCGGTCACACGATTAACCCAAGTCAATAGAAGCCGGCGTAAAGAGTGTTTTAGATCACCCCCTCCCCAATAAAGCTAAAACTCACCTGAGTTGTAAAAAACTCCAGTTGACACAAAATAGACTACGAAAGTGGCTTTAACATATCTGAACACACAATAGCTAAGACC
FR8_4,11738_FR8_4_S70_,Atherina boyeri,54937,CACCGCGGTTATACGAGAGGCCCAAGTTGATATCCGCCGGCGTAAAGAGTGGTTAAGAGAACCCAATACTAAAGCCGAACACTCTCAAAGCTGTTATATGCACCCGAGAGCAAGAAGCCCTCTCACGAAAGTAGCTTTAACTTTTCTGACTCCACGTAAGCTGAGGAA,Zotu1,54937,HIGH,100,,168,0,,,,CACCGCGGTTATACGAGAGGCCCAAGTTGATATCCGCCGGCGTAAAGAGTGGTTAAGAGAACCCAATACTAAAGCCGAACACTCTCAAAGCTGTTATATGCACCCGAGAGCAAGAAGCCCTCTCACGAAAGTAGCTTTAACTTTTCTGACTCCACGTAAGCTGAGGAA
FR8_4,11738_FR8_4_S70_,Homo sapiens,16719,CACCGCGGTCACACGATTAACCCAAGTCAATAGAAGCCGGCGTAAAGAGTGTTTTAGATCACCCCCTCCCCAATAAAGCTAAAACTCACCTGAGTTGTAAAAAACTCCAGTTGACACAAAATAGACTACGAAAGTGGCTTTAACATATCTGAACACACAATAGCTAAGACC,Zotu2,16719,HIGH,100,,171,0,,,,CACCGCGGTCACACGATTAACCCAAGTCAATAGAAGCCGGCGTAAAGAGTGTTTTAGATCACCCCCTCCCCAATAAAGCTAAAACTCACCTGAGTTGTAAAAAACTCCAGTTGACACAAAATAGACTACGAAAGTGGCTTTAACATATCTGAACACACAATAGCTAAGACC
NTC_seq2,11738_Neg_2_S78_,Skip,,,,,,,,,,,,,
PTC_seq2,11738_Zebra_2_S77_,Danio rerio,1163440,AACCGCGGTTAAACGAGAGGCTCTAGTTGATATACTACGGCGTAAAGGGTGGTTAAGGAACAATGTAAAATAGAGCCAAACGGCCCTTTAACTGTTATACGCTTTTAGATGCTAGAGGCCCAAACACGAAAGTAGCTTTAAATTAATTACCTGAACCCACGAAAGCTAAGAAA,Zotu1,1163440,HIGH,100,,173,0,,,,AACCGCGGTTAAACGAGAGGCTCTAGTTGATATACTACGGCGTAAAGGGTGGTTAAGGAACAATGTAAAATAGAGCCAAACGGCCCTTTAACTGTTATACGCTTTTAGATGCTAGAGGCCCAAACACGAAAGTAGCTTTAAATTAATTACCTGAACCCACGAAAGCTAAGAAA
PTC_seq2,11738_Zebra_2_S77_,Homo sapiens,26,CACCGCGGTCACACGATTAACCCAAGTCAATAGAAACCGGCGTAAAGAGTGTTTTAGATCACCCCCTCCCCAATAAAGCTAAAACTCACCTGAGTTGTAAAAAACTCCAGTTGACACAAAATAGACTACGAAAGTGGCTTTAACATATCTGAACACACAATAGCTAAGACC,Zotu2,26,HIGH,99.42,,171,1,,,,CACCGCGGTCACACGATTAACCCAAGTCAATAGAAACCGGCGTAAAGAGTGTTTTAGATCACCCCCTCCCCAATAAAGCTAAAACTCACCTGAGTTGTAAAAAACTCCAGTTGACACAAAATAGACTACGAAAGTGGCTTTAACATATCTGAACACACAATAGCTAAGACC